"model","dataset","image_id","threshold","threshold_source","f1","sensitivity","precision","iou","mcc","tvs","cldice","sf1","missed_burden","extra_burden","boundary_shift_burden","too_thin_burden","too_thick_burden","params_m","gflops","checkpoint_mb","peak_vram_gb","latency_ms","fps","code_available","weights_available","hardware","input_size","evidence_tier"
"DCP_1024","AFIO","dataset_summary","0.45","diagnostic_test_set_scan_equal_dataset_macro_F1","0.648185","0.524308","0.858897","0.480562","0.649296","0.456523","0.716012","0.633822","0","0","0","0","0","","","","","","","","","","","local_dataset_summary_from_1220_perimage_rows"
"DCP_1024","CHASEDB1","dataset_summary","0.45","diagnostic_test_set_scan_equal_dataset_macro_F1","0.807343","0.872972","0.753233","0.677766","0.795286","0.539751","0.840761","0.825631","0","0","0","0","0","","","","","","","","","","","local_dataset_summary_from_1220_perimage_rows"
"DCP_1024","DualModal2019","dataset_summary","0.45","diagnostic_test_set_scan_equal_dataset_macro_F1","0.745952","0.938003","0.621291","0.596634","0.744034","0.774747","0.824156","0.860214","0","0","0","0","0","","","","","","","","","","","local_dataset_summary_from_1220_perimage_rows"
"DCP_1024","HRF","dataset_summary","0.45","diagnostic_test_set_scan_equal_dataset_macro_F1","0.753334","0.801966","0.716665","0.606188","0.735408","0.42776","0.762281","0.540422","0","0","0","0","0","","","","","","","","","","","local_dataset_summary_from_1220_perimage_rows"
"DCP_1024","LES","dataset_summary","0.45","diagnostic_test_set_scan_equal_dataset_macro_F1","0.824729","0.877284","0.780638","0.702682","0.814091","0.535951","0.852289","0.747194","0","0","0","0","0","","","","","","","","","","","local_dataset_summary_from_1220_perimage_rows"
"DCP_1024","STARE","dataset_summary","0.45","diagnostic_test_set_scan_equal_dataset_macro_F1","0.805432","0.789161","0.824687","0.675131","0.790826","0.516922","0.856622","0.909958","0","0","0","0","0","","","","","","","","","","","local_dataset_summary_from_1220_perimage_rows"
"FRUnet","AFIO","dataset_summary","0.5","diagnostic_test_set_scan_equal_dataset_macro_F1","0.658894","0.562988","0.801698","0.492176","0.648039","0.489298","0.71241","0.587155","0","0","0","0","0","","","","","","","","","","","local_dataset_summary_from_1220_perimage_rows"
"FRUnet","CHASEDB1","dataset_summary","0.5","diagnostic_test_set_scan_equal_dataset_macro_F1","0.76416","0.827449","0.712781","0.619208","0.748771","0.443535","0.77881","0.775048","0","0","0","0","0","","","","","","","","","","","local_dataset_summary_from_1220_perimage_rows"
"FRUnet","DualModal2019","dataset_summary","0.5","diagnostic_test_set_scan_equal_dataset_macro_F1","0.726677","0.942045","0.593368","0.572528","0.726789","0.816907","0.829345","0.874235","0","0","0","0","0","","","","","","","","","","","local_dataset_summary_from_1220_perimage_rows"
"FRUnet","HRF","dataset_summary","0.5","diagnostic_test_set_scan_equal_dataset_macro_F1","0.683407","0.762567","0.62427","0.520537","0.660295","0.353327","0.684922","0.344753","0","0","0","0","0","","","","","","","","","","","local_dataset_summary_from_1220_perimage_rows"
"FRUnet","LES","dataset_summary","0.5","diagnostic_test_set_scan_equal_dataset_macro_F1","0.784204","0.832853","0.742993","0.645879","0.77019","0.42547","0.822434","0.6417","0","0","0","0","0","","","","","","","","","","","local_dataset_summary_from_1220_perimage_rows"
"FRUnet","STARE","dataset_summary","0.5","diagnostic_test_set_scan_equal_dataset_macro_F1","0.758356","0.765015","0.762781","0.612872","0.741919","0.423309","0.803591","0.893748","0","0","0","0","0","","","","","","","","","","","local_dataset_summary_from_1220_perimage_rows"
"FSG-Net-HRF","AFIO","dataset_summary","0.55","diagnostic_test_set_scan_equal_dataset_macro_F1","0.675254","0.559045","0.858935","0.510893","0.672147","0.467311","0.743483","0.653692","0","0","0","0","0","","","","","","","","","","","local_dataset_summary_from_1220_perimage_rows"
"FSG-Net-HRF","CHASEDB1","dataset_summary","0.55","diagnostic_test_set_scan_equal_dataset_macro_F1","0.792729","0.843899","0.750514","0.657953","0.778953","0.533978","0.823759","0.813295","0","0","0","0","0","","","","","","","","","","","local_dataset_summary_from_1220_perimage_rows"
"FSG-Net-HRF","DualModal2019","dataset_summary","0.55","diagnostic_test_set_scan_equal_dataset_macro_F1","0.727956","0.944915","0.593629","0.573608","0.728324","0.787699","0.842799","0.870679","0","0","0","0","0","","","","","","","","","","","local_dataset_summary_from_1220_perimage_rows"
"FSG-Net-HRF","HRF","dataset_summary","0.55","diagnostic_test_set_scan_equal_dataset_macro_F1","0.794771","0.80389","0.790942","0.661207","0.779447","0.461231","0.787899","0.681863","0","0","0","0","0","","","","","","","","","","","local_dataset_summary_from_1220_perimage_rows"
"FSG-Net-HRF","LES","dataset_summary","0.55","diagnostic_test_set_scan_equal_dataset_macro_F1","0.835159","0.873516","0.801411","0.718194","0.824401","0.54924","0.853406","0.785411","0","0","0","0","0","","","","","","","","","","","local_dataset_summary_from_1220_perimage_rows"
"FSG-Net-HRF","STARE","dataset_summary","0.55","diagnostic_test_set_scan_equal_dataset_macro_F1","0.816675","0.779225","0.867402","0.69287","0.806537","0.512791","0.862671","0.912278","0","0","0","0","0","","","","","","","","","","","local_dataset_summary_from_1220_perimage_rows"
"GAVE","AFIO","dataset_summary","0.1","diagnostic_test_set_scan_equal_dataset_macro_F1","0.644819","0.533267","0.825769","0.477435","0.640269","0.401369","0.688152","0.594331","0","0","0","0","0","","","","","","","","","","","local_dataset_summary_from_1220_perimage_rows"
"GAVE","CHASEDB1","dataset_summary","0.1","diagnostic_test_set_scan_equal_dataset_macro_F1","0.753617","0.76461","0.751431","0.605609","0.737758","0.203035","0.753098","0.724119","0","0","0","0","0","","","","","","","","","","","local_dataset_summary_from_1220_perimage_rows"
"GAVE","DualModal2019","dataset_summary","0.1","diagnostic_test_set_scan_equal_dataset_macro_F1","0.697821","0.91941","0.564111","0.537471","0.696751","0.588037","0.833646","0.849282","0","0","0","0","0","","","","","","","","","","","local_dataset_summary_from_1220_perimage_rows"
"GAVE","HRF","dataset_summary","0.1","diagnostic_test_set_scan_equal_dataset_macro_F1","0.778732","0.79458","0.768243","0.639288","0.761882","0.415741","0.77391","0.695783","0","0","0","0","0","","","","","","","","","","","local_dataset_summary_from_1220_perimage_rows"
"GAVE","LES","dataset_summary","0.1","diagnostic_test_set_scan_equal_dataset_macro_F1","0.800431","0.829196","0.776035","0.668285","0.787169","0.428539","0.843448","0.783423","0","0","0","0","0","","","","","","","","","","","local_dataset_summary_from_1220_perimage_rows"
"GAVE","STARE","dataset_summary","0.1","diagnostic_test_set_scan_equal_dataset_macro_F1","0.787767","0.793201","0.788581","0.651802","0.772423","0.36523","0.83243","0.86829","0","0","0","0","0","","","","","","","","","","","local_dataset_summary_from_1220_perimage_rows"
"SA-UNnetv2","AFIO","dataset_summary","0.75","diagnostic_test_set_scan_equal_dataset_macro_F1","0.668943","0.55789","0.84208","0.503345","0.66372","0.507812","0.743702","0.643456","0","0","0","0","0","","","","","","","","","","","local_dataset_summary_from_1220_perimage_rows"
"SA-UNnetv2","CHASEDB1","dataset_summary","0.75","diagnostic_test_set_scan_equal_dataset_macro_F1","0.800066","0.843323","0.763152","0.667527","0.786338","0.570315","0.826425","0.823427","0","0","0","0","0","","","","","","","","","","","local_dataset_summary_from_1220_perimage_rows"
"SA-UNnetv2","DualModal2019","dataset_summary","0.75","diagnostic_test_set_scan_equal_dataset_macro_F1","0.747459","0.948594","0.618689","0.598653","0.746983","0.847944","0.835638","0.877099","0","0","0","0","0","","","","","","","","","","","local_dataset_summary_from_1220_perimage_rows"
"SA-UNnetv2","HRF","dataset_summary","0.75","diagnostic_test_set_scan_equal_dataset_macro_F1","0.7495","0.822634","0.693213","0.601529","0.731977","0.47475","0.77498","0.568961","0","0","0","0","0","","","","","","","","","","","local_dataset_summary_from_1220_perimage_rows"
"SA-UNnetv2","LES","dataset_summary","0.75","diagnostic_test_set_scan_equal_dataset_macro_F1","0.834067","0.872534","0.801561","0.716454","0.823679","0.579368","0.852031","0.77065","0","0","0","0","0","","","","","","","","","","","local_dataset_summary_from_1220_perimage_rows"
"SA-UNnetv2","STARE","dataset_summary","0.75","diagnostic_test_set_scan_equal_dataset_macro_F1","0.805665","0.836222","0.779218","0.676502","0.790329","0.585646","0.845849","0.886837","0","0","0","0","0","","","","","","","","","","","local_dataset_summary_from_1220_perimage_rows"
