Model,Dataset,N,mean_Sensitivity,sd_Sensitivity,min_Sensitivity,max_Sensitivity,mean_Precision,sd_Precision,min_Precision,max_Precision,mean_F1,sd_F1,min_F1,max_F1,mean_IoU,sd_IoU,min_IoU,max_IoU,mean_MCC,sd_MCC,min_MCC,max_MCC
DCP_1024,AFIO,99,0.5243079911024514,0.050135878645599735,0.40148071979434446,0.6591953366098983,0.8588970273616535,0.0597161008921734,0.6357921438155985,0.9437925603886166,0.6481845119508769,0.03664956937865617,0.5308497620666213,0.7240749178167423,0.48056228135382123,0.03951504104960199,0.3613311616199008,0.5674901512068131,0.6492958097792426,0.03325615057044274,0.5409920636289522,0.7163796275743834
DCP_1024,CHASEDB1,28,0.8729720957823969,0.023186940078084937,0.8170721649484536,0.9142628048422741,0.7532330543725937,0.05070914518631679,0.6570273436024031,0.8367319541958089,0.8073429765365175,0.026718348130071352,0.7518448057188978,0.8479901543807576,0.6777657675920857,0.03740329042878123,0.6023648414586268,0.7360962734870861,0.7952857086118473,0.02580373644353776,0.7419284054150979,0.8337219367560595
DCP_1024,DualModal2019,30,0.9380029624481344,0.01574718793218978,0.8980299959464937,0.9644321460509221,0.6212912108731389,0.057060299335051586,0.5099975909419417,0.7423497131454228,0.7459522398069898,0.04236110515284331,0.6603985639879518,0.8235365738921572,0.5966341093251859,0.05327321146851176,0.49298137956162386,0.700010349337172,0.7440338787285967,0.03749032416143799,0.664676480369546,0.8129460940793848
DCP_1024,HRF,45,0.8019658211837348,0.03989551566594028,0.6683652498681157,0.866782586998729,0.7166650190521392,0.08173409182381347,0.5521272164797675,0.862348461909408,0.7533338515233481,0.04269618233390481,0.6645027360042858,0.8383828278313685,0.6061880263150848,0.05578324972867254,0.497569522543341,0.7217376326024739,0.7354075080414703,0.04233303733227995,0.653123836890889,0.8199472650230439
DCP_1024,LES,22,0.8772836490101014,0.029703729996530974,0.7958825026894303,0.9239366608979392,0.7806376836108014,0.050920402712079496,0.6523603023169372,0.8495684707916586,0.8247293393004006,0.02806611499195832,0.742589373547757,0.8656530463254806,0.7026823373651881,0.03966206461161854,0.5905703021159897,0.7631289911092441,0.8140908498664673,0.027048701325070194,0.7342992539303349,0.851546537581433
DCP_1024,STARE,20,0.7891606407078776,0.04582623645065655,0.6777512342729735,0.8667216268205551,0.8246869561683565,0.03318090249317817,0.7660170314911128,0.8740812985474938,0.805432433536996,0.027732294888803122,0.740001391110802,0.8438472532022601,0.6751307719566535,0.038122680030983604,0.5873033397736682,0.7298752310536044,0.7908264959186658,0.02811922740480592,0.7247568059678562,0.8290210918736154
FRUnet,AFIO,99,0.5629876182467028,0.045750760530479016,0.3820554285395639,0.704034746828209,0.8016975051973951,0.05887277990826316,0.5734755328774641,0.8917387018501668,0.658894271048991,0.03280906135602596,0.5059781846110671,0.7299454468242648,0.4921755015115755,0.03555154417232373,0.3386685384372034,0.574735506438725,0.6480392910620173,0.03159944743477434,0.5155824729983819,0.7183783155714952
FRUnet,CHASEDB1,28,0.8274488164802031,0.030323627814225356,0.740645078386019,0.869664396488061,0.7127813048470423,0.05298888977815346,0.621561291140846,0.8098298832856199,0.764159746503353,0.02883161638470556,0.7069659904534606,0.8088168584271517,0.6192081174249368,0.037558042669790105,0.5467497260194959,0.6790029427038256,0.7487708593793672,0.02754564878328219,0.6928906014670224,0.7931252840965249
FRUnet,DualModal2019,30,0.9420453887218477,0.02446642849218206,0.8312930685042562,0.9700339143199419,0.5933678308082999,0.054694627991848634,0.4880856552647147,0.698584635825137,0.7266766809566272,0.04387768675741951,0.6366531935105334,0.801859716382661,0.5725278741721137,0.0532799281658053,0.4669781676093669,0.6692536152459074,0.7267894105098932,0.039184771134998984,0.6285761029925372,0.7932142666449052
FRUnet,HRF,45,0.7625670516258825,0.043257489933172334,0.6193932999550137,0.8251308002401578,0.6242701210598791,0.06900892729079695,0.501350363329802,0.7487200183899398,0.6834074271221907,0.04055554304510749,0.5997875161008264,0.7703740423412982,0.5205372336617416,0.04756401290497094,0.428354641168887,0.6265108812505448,0.6602945799047407,0.038745778673282286,0.5663173099303763,0.7429851843681144
FRUnet,LES,22,0.8328526400300521,0.02975910480856989,0.7555944256937088,0.8793519118600129,0.7429931761822217,0.04539205977029969,0.577845974315962,0.7973794104891799,0.7842035403663697,0.02852865921491759,0.6856501883928691,0.8238657079307139,0.6458793905637388,0.03697970348498672,0.521664919291528,0.7004860869086706,0.7701897548299872,0.027184590703011036,0.6784330404780264,0.8053947816364182
FRUnet,STARE,20,0.7650148311707697,0.09189749604212753,0.483068539683663,0.8628499130159735,0.762780680409632,0.045453900269168304,0.6868502227807609,0.8708298781654653,0.7583555499276353,0.04608264298481121,0.6214210933588238,0.8122399020807833,0.6128716115137741,0.05675826737376804,0.450769332364789,0.6838417147568013,0.7419189864522174,0.040806215325455586,0.6317340658065461,0.7933654992633131
FSG-Net-HRF,AFIO,99,0.5590451382456785,0.04974417731383747,0.4207104221268053,0.7319122185392616,0.8589351817886819,0.04682804107205451,0.6606210446687208,0.9246175866333018,0.6752537167766366,0.03737131948541086,0.5459229082699585,0.7431542420778376,0.5108930271567774,0.04150576283728325,0.375442891834866,0.5912851576206394,0.6721474906081426,0.03353910350135477,0.5534565988444381,0.7276453575814411
FSG-Net-HRF,CHASEDB1,28,0.8438994947408283,0.05006682643672749,0.6979953739398612,0.9222011385199241,0.7505141929268475,0.04968577871245868,0.6479819072329444,0.8280868682991034,0.7927292653605933,0.034442177077376776,0.7105991905298074,0.8457639391745112,0.6579529813078748,0.04642189357508947,0.5511080691982724,0.7327478042659975,0.7789529242133123,0.03622136091502579,0.6932567088373925,0.8351865016486104
FSG-Net-HRF,DualModal2019,30,0.9449154526616945,0.022866123229751782,0.8710822861775436,0.9768283110944271,0.5936287928826433,0.047453931786254615,0.4913609528920898,0.6781973862100045,0.727955964021704,0.03731987383771819,0.649503115184594,0.7862120848004848,0.5736080559613747,0.0455372595567197,0.480936403843221,0.6477343158184699,0.72832416599085,0.03242518377249942,0.662575611267554,0.7773069677803616
FSG-Net-HRF,HRF,45,0.8038898312941786,0.04316481178579324,0.6824583774463565,0.8764209847969854,0.7909416737281766,0.07271791520287314,0.6362905066179827,0.9237022765429356,0.7947712890107438,0.03924068275723915,0.7102838061312653,0.8635973749730089,0.6612074477927685,0.05444235876700639,0.5507287645979244,0.7599396164299579,0.7794466019377778,0.0404594783265988,0.6959743602636237,0.8483782243506449
FSG-Net-HRF,LES,22,0.8735162772426118,0.027377948421387042,0.7895017778982205,0.9130201399922704,0.801411099830894,0.046556698240561196,0.6385428763523012,0.868896693740885,0.835159121264078,0.031859550959523725,0.7310770005913165,0.8644545767423742,0.7181942869295809,0.04468987137834745,0.5761397665043484,0.7612681615698362,0.8244012549166203,0.031663580105249375,0.7226060458260458,0.8532064336578639
FSG-Net-HRF,STARE,20,0.779224627680127,0.09065531458895291,0.5283325370281892,0.9061017648272002,0.867402014116003,0.036928879738236206,0.7772245950112462,0.921625404179335,0.8166750287837082,0.04902538469197816,0.6547198484280329,0.8732809132031938,0.6928695461867559,0.06569083884394265,0.48667918549380906,0.7750653409856385,0.8065367915832289,0.04574398693073131,0.6554972269198028,0.8626106197368013
GAVE,AFIO,99,0.5332674810782384,0.06039861766572975,0.3822561757653488,0.7092696308149503,0.8257689652642866,0.05726606782028056,0.6201864287862083,0.906772352047312,0.6448186162749113,0.04539901210976974,0.5014667261647854,0.7246581536748246,0.47743459641103847,0.04832635292541182,0.33463836600796687,0.5682069915316319,0.6402691270347785,0.04014984100359343,0.5077375564198637,0.7066197602172495
GAVE,CHASEDB1,28,0.7646096740721088,0.061211987792522786,0.6370998538338973,0.8761303027816526,0.751430871048641,0.06600873242928834,0.6224246079613993,0.851285771866183,0.7536169294217449,0.0304523783570294,0.7053918088015351,0.8225676369235282,0.6056091642790901,0.03955299935751743,0.5448689523187155,0.6986113705710194,0.7377583907820436,0.03047760310615254,0.6865214694312854,0.8091634581476049
GAVE,DualModal2019,30,0.9194101638504116,0.025895118234215572,0.842918524523713,0.9530286169613541,0.5641107952226824,0.051976009757328745,0.4819639675311819,0.6514060553587363,0.697821454660992,0.042000350842119935,0.6183503031689738,0.7684916689096201,0.5374705992076623,0.049096655648783606,0.44754492009605035,0.6240247422680413,0.6967505276850593,0.037225841360652025,0.6189142101517756,0.7609099071772367
GAVE,HRF,45,0.794580287058414,0.04207532892563577,0.6619568687358756,0.8573148175793852,0.7682429553559205,0.06979775103308096,0.6077124138874624,0.8941253288518083,0.7787315279990076,0.038697310330862135,0.6891294347381169,0.8525848299000965,0.6392878658552359,0.051998314845759584,0.5257036453484208,0.7430482462820005,0.7618818556807826,0.03948103009901514,0.6681779239539686,0.8383615825799233
GAVE,LES,22,0.8291963421001944,0.05476873512000537,0.6970191973068373,0.9019059757263274,0.776034578291362,0.030064655552054162,0.7040541553899747,0.8450783846015967,0.8004312439990613,0.029910434521848148,0.7273267095761714,0.8439791285491631,0.6682850145994723,0.04089301664175928,0.5714952258752563,0.7300725699614289,0.787168781564267,0.030078907322996878,0.7165148198145072,0.8354846547851303
GAVE,STARE,20,0.7932008836752399,0.083127940556825,0.6191347979387035,0.9083979123833623,0.7885812753056206,0.03538276487305858,0.7378982528263104,0.8675938885001167,0.787766858134716,0.04243526756839264,0.6845597331034223,0.8350352292453794,0.6518020462550282,0.05585811346303283,0.5204035107716859,0.7167901126353158,0.7724225420796695,0.042647758963992095,0.6678605381121414,0.8189488258306624
SA-UNnetv2,AFIO,99,0.557890257028109,0.042317275902847354,0.431413881748072,0.7230540633215224,0.8420802418050607,0.056412604718191865,0.6233530881128472,0.9257686427722099,0.6689432385303321,0.03064809906595134,0.5534996932697445,0.7404372863898123,0.5033452716133081,0.03388980532223699,0.382647477290139,0.5878526558376389,0.663720172578043,0.029502858259212773,0.5568764487347226,0.7250497119378513
SA-UNnetv2,CHASEDB1,28,0.843322537108045,0.021580289202428216,0.8021510619852622,0.8831354290968133,0.7631522233125027,0.048998958023151025,0.6725296915269549,0.8409870058059165,0.800065982564216,0.025740639256282137,0.7519625682349883,0.8468922017519114,0.6675269146887234,0.03583742205461187,0.6025160376572524,0.7344432177447684,0.7863376113469548,0.02532626797891459,0.7394948733799654,0.8355222862472107
SA-UNnetv2,DualModal2019,30,0.9485944788538044,0.016635250917593346,0.8985488447507094,0.9695479749493064,0.6186887826583259,0.056743902312495535,0.5126713371915931,0.7146156353308191,0.7474591841715071,0.043382155489412,0.6640932226796259,0.8170285708201801,0.5986525165686175,0.0548284517302583,0.4971104525809024,0.6906579065790658,0.746982696281724,0.0384204658229144,0.6740821608144411,0.8094828669189572
SA-UNnetv2,HRF,45,0.8226342827660693,0.03523870367761099,0.7078641867028284,0.884342741729505,0.6932125265091199,0.07789381091798715,0.5314585682390102,0.8302775360584078,0.7494995294799623,0.04573629924942704,0.6554370338445331,0.8356927484663993,0.6015287384969145,0.059348268734594686,0.4874721752292761,0.7177596354962513,0.7319770713652259,0.04472551450236225,0.6350732820066006,0.8162905819275172
SA-UNnetv2,LES,22,0.872534333982138,0.02894842275754808,0.7980340469562218,0.9180229312491949,0.8015610063129859,0.05474561836327737,0.6598406364627739,0.8839809704237203,0.8340672587133056,0.029853095994259577,0.7510481866107164,0.8744085739539699,0.7164537278218782,0.04254826158650586,0.6013428048697852,0.7768436696658098,0.8236787409525792,0.029059021163929204,0.7433827588044069,0.861303215985844
SA-UNnetv2,STARE,20,0.8362215778301115,0.04292714942805279,0.7343492694147477,0.8951130792345405,0.7792180462585729,0.05563201836550291,0.6784089895656827,0.8719423686898554,0.8056651621838592,0.041144191671237174,0.7091042176733385,0.8585797093777295,0.676501948161129,0.05604661836584842,0.5493117472235257,0.7522029496336147,0.7903294482592957,0.04410736323046721,0.6796098414799284,0.8448508296084482
